København_512.svg,1,585095370
København_512.svg,2,579124827
København_512.svg,3,572486496
København_512.svg,4,577870595
København_512.svg,5,557271857
København_512.svg,6,554252645
København_512.svg,7,563934947
København_512.svg,8,562999949
København_512.svg,9,561321361
København_512.svg,10,558853739
København_512.svg,11,560003792
København_512.svg,12,555626823
København_512.svg,13,556642583
København_512.svg,14,554702961
København_512.svg,15,554200513
København_512.svg,16,558251375
København_512.svg,17,557223536
København_512.svg,18,555682100
København_512.svg,19,557811533
København_512.svg,20,565262657
København_512.svg,21,553067226
København_512.svg,22,552084632
København_512.svg,23,553158036
København_512.svg,24,554433398
København_512.svg,25,556050011
København_512.svg,26,565046993
København_512.svg,27,559187390
København_512.svg,28,569326436
København_512.svg,29,560591371
København_512.svg,30,568862574
København_512.svg,31,556092973
København_512.svg,32,555850808
København_512.svg,33,555167428
København_512.svg,34,554938047
København_512.svg,35,555121196
København_512.svg,36,555498121
København_512.svg,37,553278091
København_512.svg,38,554254319
København_512.svg,39,555835910
København_512.svg,40,552439471
København_512.svg,41,553451511
København_512.svg,42,558175793
København_512.svg,43,557575975
København_512.svg,44,556053020
København_512.svg,45,553481991
København_512.svg,46,555652504
København_512.svg,47,561087861
København_512.svg,48,554755315
København_512.svg,49,552126773
København_512.svg,50,554855332
