København_512.svg,1,79899598
København_512.svg,2,44074166
København_512.svg,3,43859586
København_512.svg,4,43503397
København_512.svg,5,43509907
København_512.svg,6,43311336
København_512.svg,7,43632730
København_512.svg,8,43631417
København_512.svg,9,43686183
København_512.svg,10,43385922
København_512.svg,11,43176715
København_512.svg,12,43898010
København_512.svg,13,43499477
København_512.svg,14,43393523
København_512.svg,15,43449828
København_512.svg,16,43293923
København_512.svg,17,43529913
København_512.svg,18,43489176
København_512.svg,19,43573279
København_512.svg,20,43639735
København_512.svg,21,43395789
København_512.svg,22,43622841
København_512.svg,23,43289362
København_512.svg,24,43407898
København_512.svg,25,43497854
København_512.svg,26,43417307
København_512.svg,27,43515974
København_512.svg,28,43444101
København_512.svg,29,43371249
København_512.svg,30,43452240
København_512.svg,31,43345391
København_512.svg,32,43324299
København_512.svg,33,43798838
København_512.svg,34,43471893
København_512.svg,35,43531550
København_512.svg,36,43682499
København_512.svg,37,43608511
København_512.svg,38,43456313
København_512.svg,39,43390716
København_512.svg,40,43643239
København_512.svg,41,43212941
København_512.svg,42,43744449
København_512.svg,43,43460006
København_512.svg,44,43295772
København_512.svg,45,43598497
København_512.svg,46,43417177
København_512.svg,47,42972383
København_512.svg,48,43816002
København_512.svg,49,43320773
København_512.svg,50,43435401
