Flag_of_Denmark.svg,1,55562086
Flag_of_Denmark.svg,2,5006133
Flag_of_Denmark.svg,3,3389790
Flag_of_Denmark.svg,4,3036423
Flag_of_Denmark.svg,5,3257124
Flag_of_Denmark.svg,6,3343420
Flag_of_Denmark.svg,7,3783572
Flag_of_Denmark.svg,8,3958051
Flag_of_Denmark.svg,9,3279391
Flag_of_Denmark.svg,10,2657883
Flag_of_Denmark.svg,11,3146587
Flag_of_Denmark.svg,12,3408829
Flag_of_Denmark.svg,13,2656535
Flag_of_Denmark.svg,14,2764235
Flag_of_Denmark.svg,15,2764696
Flag_of_Denmark.svg,16,3259728
Flag_of_Denmark.svg,17,2667310
Flag_of_Denmark.svg,18,3132898
Flag_of_Denmark.svg,19,2668675
Flag_of_Denmark.svg,20,2657012
Flag_of_Denmark.svg,21,2742715
Flag_of_Denmark.svg,22,3488084
Flag_of_Denmark.svg,23,2803995
Flag_of_Denmark.svg,24,3335325
Flag_of_Denmark.svg,25,2741512
Flag_of_Denmark.svg,26,2821261
Flag_of_Denmark.svg,27,2745089
Flag_of_Denmark.svg,28,3287578
Flag_of_Denmark.svg,29,2693328
Flag_of_Denmark.svg,30,3411002
Flag_of_Denmark.svg,31,2678643
Flag_of_Denmark.svg,32,2655124
Flag_of_Denmark.svg,33,3329163
Flag_of_Denmark.svg,34,3004160
Flag_of_Denmark.svg,35,2894105
Flag_of_Denmark.svg,36,3447453
Flag_of_Denmark.svg,37,2675984
Flag_of_Denmark.svg,38,2490642
Flag_of_Denmark.svg,39,3026378
Flag_of_Denmark.svg,40,2342613
Flag_of_Denmark.svg,41,2739365
Flag_of_Denmark.svg,42,3141901
Flag_of_Denmark.svg,43,2897829
Flag_of_Denmark.svg,44,2790851
Flag_of_Denmark.svg,45,3171126
Flag_of_Denmark.svg,46,2765035
Flag_of_Denmark.svg,47,2626181
Flag_of_Denmark.svg,48,3126046
Flag_of_Denmark.svg,49,2693325
Flag_of_Denmark.svg,50,3222464
