Flag_of_Denmark.svg,1,2190138
Flag_of_Denmark.svg,2,2583689
Flag_of_Denmark.svg,3,2213734
Flag_of_Denmark.svg,4,1209152
Flag_of_Denmark.svg,5,1179069
Flag_of_Denmark.svg,6,1918790
Flag_of_Denmark.svg,7,1291488
Flag_of_Denmark.svg,8,1170090
Flag_of_Denmark.svg,9,1210045
Flag_of_Denmark.svg,10,1158441
Flag_of_Denmark.svg,11,1180410
Flag_of_Denmark.svg,12,1187085
Flag_of_Denmark.svg,13,1189172
Flag_of_Denmark.svg,14,1198601
Flag_of_Denmark.svg,15,1243386
Flag_of_Denmark.svg,16,1188845
Flag_of_Denmark.svg,17,1186882
Flag_of_Denmark.svg,18,871010
Flag_of_Denmark.svg,19,4000825
Flag_of_Denmark.svg,20,1227268
Flag_of_Denmark.svg,21,925437
Flag_of_Denmark.svg,22,1692915
Flag_of_Denmark.svg,23,1202093
Flag_of_Denmark.svg,24,1169930
Flag_of_Denmark.svg,25,2156032
Flag_of_Denmark.svg,26,1142071
Flag_of_Denmark.svg,27,1290917
Flag_of_Denmark.svg,28,1184777
Flag_of_Denmark.svg,29,1198058
Flag_of_Denmark.svg,30,1179015
Flag_of_Denmark.svg,31,1159493
Flag_of_Denmark.svg,32,1197136
Flag_of_Denmark.svg,33,1154283
Flag_of_Denmark.svg,34,1191794
Flag_of_Denmark.svg,35,1064265
Flag_of_Denmark.svg,36,1208423
Flag_of_Denmark.svg,37,1245409
Flag_of_Denmark.svg,38,1969855
Flag_of_Denmark.svg,39,879510
Flag_of_Denmark.svg,40,1161668
Flag_of_Denmark.svg,41,3044560
Flag_of_Denmark.svg,42,1219558
Flag_of_Denmark.svg,43,1292165
Flag_of_Denmark.svg,44,2191973
Flag_of_Denmark.svg,45,1197459
Flag_of_Denmark.svg,46,1145786
Flag_of_Denmark.svg,47,1221105
Flag_of_Denmark.svg,48,1216201
Flag_of_Denmark.svg,49,1192784
Flag_of_Denmark.svg,50,1176490
