Flag_of_Denmark.svg,1,61387
Flag_of_Denmark.svg,2,8628
Flag_of_Denmark.svg,3,7715
Flag_of_Denmark.svg,4,7431
Flag_of_Denmark.svg,5,7385
Flag_of_Denmark.svg,6,7591
Flag_of_Denmark.svg,7,7463
Flag_of_Denmark.svg,8,7393
Flag_of_Denmark.svg,9,7422
Flag_of_Denmark.svg,10,7540
Flag_of_Denmark.svg,11,7446
Flag_of_Denmark.svg,12,7491
Flag_of_Denmark.svg,13,7365
Flag_of_Denmark.svg,14,7389
Flag_of_Denmark.svg,15,7510
Flag_of_Denmark.svg,16,7489
Flag_of_Denmark.svg,17,7409
Flag_of_Denmark.svg,18,7429
Flag_of_Denmark.svg,19,7375
Flag_of_Denmark.svg,20,7381
Flag_of_Denmark.svg,21,7422
Flag_of_Denmark.svg,22,7377
Flag_of_Denmark.svg,23,7352
Flag_of_Denmark.svg,24,7345
Flag_of_Denmark.svg,25,7368
Flag_of_Denmark.svg,26,7440
Flag_of_Denmark.svg,27,7426
Flag_of_Denmark.svg,28,7388
Flag_of_Denmark.svg,29,7366
Flag_of_Denmark.svg,30,7369
Flag_of_Denmark.svg,31,7421
Flag_of_Denmark.svg,32,7371
Flag_of_Denmark.svg,33,7464
Flag_of_Denmark.svg,34,7638
Flag_of_Denmark.svg,35,7416
Flag_of_Denmark.svg,36,7374
Flag_of_Denmark.svg,37,7402
Flag_of_Denmark.svg,38,7417
Flag_of_Denmark.svg,39,7384
Flag_of_Denmark.svg,40,7439
Flag_of_Denmark.svg,41,7434
Flag_of_Denmark.svg,42,7480
Flag_of_Denmark.svg,43,7483
Flag_of_Denmark.svg,44,7478
Flag_of_Denmark.svg,45,7493
Flag_of_Denmark.svg,46,7504
Flag_of_Denmark.svg,47,7445
Flag_of_Denmark.svg,48,7437
Flag_of_Denmark.svg,49,7456
Flag_of_Denmark.svg,50,7502
